username,email,role,password,user_id
Albert Roosevelt,albert.roosevelt@faculty.edu,instructor,pass_I588,users/424192
Amelia Woolf,amelia.woolf@faculty.edu,instructor,pass_I830,users/424165
Carl Planck,carl.planck@faculty.edu,instructor,pass_I764,users/424228
Georgia Ramanujan,georgia.ramanujan@faculty.edu,instructor,pass_I967,users/424246
Louis Ramanujan,louis.ramanujan@faculty.edu,instructor,pass_I898,users/424264
Malala Angelou,malala.angelou@faculty.edu,instructor,pass_I302,users/424237
Mary Yousafzai,mary.yousafzai@faculty.edu,instructor,pass_I484,users/424201
Max Ginsburg,max.ginsburg@faculty.edu,instructor,pass_I278,users/424174
Niels Plath,niels.plath@faculty.edu,instructor,pass_I782,users/424210
Steve Hemingway,steve.hemingway@faculty.edu,instructor,pass_I926,users/424183
Sylvia Kahlo,sylvia.kahlo@faculty.edu,instructor,pass_I737,users/424255
Werner Edison,werner.edison@faculty.edu,instructor,pass_I151,users/424219
Ada Carson,ada.carson@student.edu,student,pass_S47460,users/424156
Ada Fermi,ada.fermi@student.edu,student,pass_S57273,users/423559
Ada Mead,ada.mead@student.edu,student,pass_S41346,users/423631
Ada Parks,ada.parks@student.edu,student,pass_S12434,users/423461
Ada Ptolemy,ada.ptolemy@student.edu,student,pass_S58440,users/423268
Alan Blackwell,alan.blackwell@student.edu,student,pass_S79185,users/423120
Alan Hemingway,alan.hemingway@student.edu,student,pass_S16917,users/422909
Alan Johnson,alan.johnson@student.edu,student,pass_S21561,users/423250
Alan Kepler,alan.kepler@student.edu,student,pass_S83349,users/422792
Alan Winfrey,alan.winfrey@student.edu,student,pass_S16447,users/422864
Albert McClintock,albert.mcclintock@student.edu,student,pass_S12806,users/424044
Alexander Angelou,alexander.angelou@student.edu,student,pass_S89286,users/422774
Alexander Kepler,alexander.kepler@student.edu,student,pass_S48393,users/423842
Alexander Plath,alexander.plath@student.edu,student,pass_S10534,users/423488
Amelia Armstrong,amelia.armstrong@student.edu,student,pass_S21762,users/423829
Amelia Hurston,amelia.hurston@student.edu,student,pass_S92568,users/422994
Amelia Morrison,amelia.morrison@student.edu,student,pass_S36119,users/424057
Amelia Mozart,amelia.mozart@student.edu,student,pass_S40150,users/423066
Amelia Pasteur,amelia.pasteur@student.edu,student,pass_S25846,users/423954
Amelia Yousafzai,amelia.yousafzai@student.edu,student,pass_S69215,users/424035
Bill Feynman,bill.feynman@student.edu,student,pass_S90038,users/423649
Bill Hawking,bill.hawking@student.edu,student,pass_S91549,users/424093
Bill Kahlo,bill.kahlo@student.edu,student,pass_S94429,users/424138
Carl Tesla,carl.tesla@student.edu,student,pass_S57141,users/422846
Charles da Vinci,charles.da.vinci@student.edu,student,pass_S88495,users/423757
Charles Jobs,charles.jobs@student.edu,student,pass_S35090,users/423703
Charles Kahlo,charles.kahlo@student.edu,student,pass_S83193,users/423277
Charles Parks,charles.parks@student.edu,student,pass_S70812,users/422666
Charles Ptolemy,charles.ptolemy@student.edu,student,pass_S46032,users/424075
Cleopatra Gandhi,cleopatra.gandhi@student.edu,student,pass_S98333,users/422765
Dorothy Kahlo,dorothy.kahlo@student.edu,student,pass_S87733,users/422810
Eleanor Ptolemy,eleanor.ptolemy@student.edu,student,pass_S52162,users/423685
Eleanor Tesla,eleanor.tesla@student.edu,student,pass_S68635,users/423111
Elizabeth Hodgkin,elizabeth.hodgkin@student.edu,student,pass_S12000,users/423748
Elizabeth Kahlo,elizabeth.kahlo@student.edu,student,pass_S54797,users/422585
Elizabeth Kepler,elizabeth.kepler@student.edu,student,pass_S74647,users/423358
Elizabeth Musk,elizabeth.musk@student.edu,student,pass_S13383,users/423183
Elon Edison,elon.edison@student.edu,student,pass_S28258,users/423102
Emmy Darwin,emmy.darwin@student.edu,student,pass_S87645,users/422945
Emmy Nightingale,emmy.nightingale@student.edu,student,pass_S89372,users/423878
Emmy Noether,emmy.noether@student.edu,student,pass_S24754,users/423887
Emmy Plath,emmy.plath@student.edu,student,pass_S20301,users/422927
Enrico Hodgkin,enrico.hodgkin@student.edu,student,pass_S78048,users/423138
Enrico Lamarr,enrico.lamarr@student.edu,student,pass_S20782,users/423479
Enrico Lovelace,enrico.lovelace@student.edu,student,pass_S57309,users/423802
Enrico Morrison,enrico.morrison@student.edu,student,pass_S28331,users/422747
Enrico Watson,enrico.watson@student.edu,student,pass_S53708,users/423349
Ernest Churchill,ernest.churchill@student.edu,student,pass_S19446,users/423030
Ernest Hurston,ernest.hurston@student.edu,student,pass_S31998,users/423730
Ernest Luther,ernest.luther@student.edu,student,pass_S67289,users/424147
Florence Parks,florence.parks@student.edu,student,pass_S39432,users/423541
Frida Angelou,frida.angelou@student.edu,student,pass_S43542,users/422729
Frida Antoinette,frida.antoinette@student.edu,student,pass_S93049,users/423595
Frida Hemingway,frida.hemingway@student.edu,student,pass_S67394,users/423658
Frida Lovelace,frida.lovelace@student.edu,student,pass_S80121,users/422648
Frida Newton,frida.newton@student.edu,student,pass_S61920,users/423367
Frida Noether,frida.noether@student.edu,student,pass_S19244,users/423972
Frida Ramanujan,frida.ramanujan@student.edu,student,pass_S56698,users/422976
Frida Winfrey,frida.winfrey@student.edu,student,pass_S64651,users/423214
Galileo Lovelace,galileo.lovelace@student.edu,student,pass_S37038,users/423021
Galileo Shelley,galileo.shelley@student.edu,student,pass_S62365,users/423196
Georgia Earhart,georgia.earhart@student.edu,student,pass_S52262,users/423604
Hedy Einstein,hedy.einstein@student.edu,student,pass_S99052,users/422639
Hedy Hopper,hedy.hopper@student.edu,student,pass_S48082,users/423999
Hedy Pasteur,hedy.pasteur@student.edu,student,pass_S52899,users/423869
Hedy Winfrey,hedy.winfrey@student.edu,student,pass_S12754,users/422958
Hedy Yousafzai,hedy.yousafzai@student.edu,student,pass_S12504,users/423775
Isaac Bohr,isaac.bohr@student.edu,student,pass_S32974,users/422891
Isaac Earhart,isaac.earhart@student.edu,student,pass_S27686,users/423515
Isaac Feynman,isaac.feynman@student.edu,student,pass_S73404,users/423793
James Feynman,james.feynman@student.edu,student,pass_S49122,users/423820
James Kepler,james.kepler@student.edu,student,pass_S98601,users/423914
James Newton,james.newton@student.edu,student,pass_S29512,users/424102
James Nightingale,james.nightingale@student.edu,student,pass_S22622,users/423739
Jane Blackwell,jane.blackwell@student.edu,student,pass_S46708,users/422801
Jane Gandhi,jane.gandhi@student.edu,student,pass_S51430,users/423676
Jane Gates,jane.gates@student.edu,student,pass_S66792,users/423694
Jane Hawking,jane.hawking@student.edu,student,pass_S41440,users/423622
Jane Johnson,jane.johnson@student.edu,student,pass_S54799,users/423524
Johannes Gandhi,johannes.gandhi@student.edu,student,pass_S38320,users/423385
Katherine da Vinci,katherine.da.vinci@student.edu,student,pass_S91092,users/423766
Leonardo Carson,leonardo.carson@student.edu,student,pass_S53724,users/422612
Leonardo Hodgkin,leonardo.hodgkin@student.edu,student,pass_S28637,users/423811
Leonardo Oppenheimer,leonardo.oppenheimer@student.edu,student,pass_S13576,users/422873
Leonardo Sagan,leonardo.sagan@student.edu,student,pass_S15341,users/422828
Louis Heisenberg,louis.heisenberg@student.edu,student,pass_S26164,users/423057
Louis Shelley,louis.shelley@student.edu,student,pass_S65157,users/422756
Louis Tesla,louis.tesla@student.edu,student,pass_S65327,users/423981
Mahatma Edison,mahatma.edison@student.edu,student,pass_S91719,users/423012
Mahatma Einstein,mahatma.einstein@student.edu,student,pass_S58685,users/423577
Mahatma Jobs,mahatma.jobs@student.edu,student,pass_S91732,users/423586
Malala Armstrong,malala.armstrong@student.edu,student,pass_S31180,users/423640
Malala Plath,malala.plath@student.edu,student,pass_S21785,users/423223
Malala Watson,malala.watson@student.edu,student,pass_S74272,users/422720
Margaret Feynman,margaret.feynman@student.edu,student,pass_S26010,users/423174
Margaret Parks,margaret.parks@student.edu,student,pass_S45397,users/424017
Margaret Roosevelt,margaret.roosevelt@student.edu,student,pass_S52766,users/423313
Margaret Winfrey,margaret.winfrey@student.edu,student,pass_S44092,users/423905
Marie da Vinci,marie.da.vinci@student.edu,student,pass_S53224,users/423441
Marie Einstein,marie.einstein@student.edu,student,pass_S46108,users/422967
Marie Fermi,marie.fermi@student.edu,student,pass_S93667,users/423963
Marie Feynman,marie.feynman@student.edu,student,pass_S44710,users/423165
Marie Graham,marie.graham@student.edu,student,pass_S74602,users/422684
Marie Hawking,marie.hawking@student.edu,student,pass_S86939,users/422675
Marie Hodgkin,marie.hodgkin@student.edu,student,pass_S70982,users/423421
Marie Johnson,marie.johnson@student.edu,student,pass_S48159,users/423003
Marie Newton,marie.newton@student.edu,student,pass_S37458,users/423412
Martin Hurston,martin.hurston@student.edu,student,pass_S25951,users/423295
Martin Roosevelt,martin.roosevelt@student.edu,student,pass_S85979,users/424120
Mary Earhart,mary.earhart@student.edu,student,pass_S65184,users/422882
Mary Jobs,mary.jobs@student.edu,student,pass_S88552,users/422819
Max da Vinci,max.da.vinci@student.edu,student,pass_S88565,users/423860
Max Gates,max.gates@student.edu,student,pass_S68000,users/422783
Maya Armstrong,maya.armstrong@student.edu,student,pass_S86090,users/423340
Maya Bohr,maya.bohr@student.edu,student,pass_S42560,users/423932
Maya Parks,maya.parks@student.edu,student,pass_S28285,users/423497
Maya Roosevelt,maya.roosevelt@student.edu,student,pass_S31251,users/422711
Nelson Hawking,nelson.hawking@student.edu,student,pass_S97664,users/423990
Nelson Lovelace,nelson.lovelace@student.edu,student,pass_S71200,users/422657
Niels Kahlo,niels.kahlo@student.edu,student,pass_S93312,users/423568
Nikola Austen,nikola.austen@student.edu,student,pass_S15700,users/423241
Nikola Galilei,nikola.galilei@student.edu,student,pass_S96801,users/424008
Nikola Ginsburg,nikola.ginsburg@student.edu,student,pass_S89632,users/423331
Nikola Johnson,nikola.johnson@student.edu,student,pass_S26372,users/423923
Nikola Musk,nikola.musk@student.edu,student,pass_S63015,users/422918
Nikola Ramanujan,nikola.ramanujan@student.edu,student,pass_S85399,users/422558
Nikola Woolf,nikola.woolf@student.edu,student,pass_S81503,users/424066
Oprah Hodgkin,oprah.hodgkin@student.edu,student,pass_S19911,users/422837
Oprah Mandela,oprah.mandela@student.edu,student,pass_S36950,users/422900
Rachel Einstein,rachel.einstein@student.edu,student,pass_S21059,users/423896
Rachel Lamarr,rachel.lamarr@student.edu,student,pass_S34114,users/423156
Richard Austen,richard.austen@student.edu,student,pass_S79746,users/423784
Robert Parks,robert.parks@student.edu,student,pass_S12225,users/422567
Rosa Noether,rosa.noether@student.edu,student,pass_S24687,users/422693
Ruth da Vinci,ruth.da.vinci@student.edu,student,pass_S41601,users/423084
Ruth Planck,ruth.planck@student.edu,student,pass_S51918,users/423506
Ruth Turing,ruth.turing@student.edu,student,pass_S64729,users/422738
Srinivasa Churchill,srinivasa.churchill@student.edu,student,pass_S98635,users/423093
Srinivasa Hurston,srinivasa.hurston@student.edu,student,pass_S73666,users/423129
Srinivasa Mead,srinivasa.mead@student.edu,student,pass_S35977,users/423322
Srinivasa Yousafzai,srinivasa.yousafzai@student.edu,student,pass_S39130,users/424129
Stephen Darwin,stephen.darwin@student.edu,student,pass_S51260,users/422621
Stephen Lamarr,stephen.lamarr@student.edu,student,pass_S67619,users/423205
Stephen Morrison,stephen.morrison@student.edu,student,pass_S82466,users/423712
Stephen Newton,stephen.newton@student.edu,student,pass_S72092,users/424026
Stephen Tesla,stephen.tesla@student.edu,student,pass_S42813,users/422630
Steve Franklin,steve.franklin@student.edu,student,pass_S17827,users/424111
Steve Hawking,steve.hawking@student.edu,student,pass_S14237,users/423430
Steve Jobs,steve.jobs@student.edu,student,pass_S79079,users/423259
Sylvia Edison,sylvia.edison@student.edu,student,pass_S21368,users/423394
Sylvia Hurston,sylvia.hurston@student.edu,student,pass_S99528,users/423945
Sylvia Kahlo,sylvia.kahlo@student.edu,student,pass_S41184,users/423721
Sylvia Musk,sylvia.musk@student.edu,student,pass_S79583,users/422603
Sylvia Newton,sylvia.newton@student.edu,student,pass_S71525,users/423039
Thomas Heisenberg,thomas.heisenberg@student.edu,student,pass_S33837,users/423304
Toni Feynman,toni.feynman@student.edu,student,pass_S78024,users/424084
Toni Gandhi,toni.gandhi@student.edu,student,pass_S86157,users/423470
Virginia Bohr,virginia.bohr@student.edu,student,pass_S27449,users/423613
Virginia Johnson,virginia.johnson@student.edu,student,pass_S94966,users/423667
Virginia Pasteur,virginia.pasteur@student.edu,student,pass_S24213,users/423851
Virginia Yousafzai,virginia.yousafzai@student.edu,student,pass_S67175,users/423452
Werner Hopper,werner.hopper@student.edu,student,pass_S52563,users/423286
Werner Jobs,werner.jobs@student.edu,student,pass_S95773,users/423048
Werner Kepler,werner.kepler@student.edu,student,pass_S35992,users/422594
Werner Luther,werner.luther@student.edu,student,pass_S26362,users/423403
Winston Armstrong,winston.armstrong@student.edu,student,pass_S67066,users/422936
Winston Watson,winston.watson@student.edu,student,pass_S46311,users/423232
Winston Woolf,winston.woolf@student.edu,student,pass_S54909,users/422985
Wolfgang Angelou,wolfgang.angelou@student.edu,student,pass_S94597,users/422702
Wolfgang Antoinette,wolfgang.antoinette@student.edu,student,pass_S82214,users/422855
Wolfgang Franklin,wolfgang.franklin@student.edu,student,pass_S21787,users/423075
Wolfgang Luther,wolfgang.luther@student.edu,student,pass_S79092,users/422576
Wolfgang Nightingale,wolfgang.nightingale@student.edu,student,pass_S77806,users/423147
Zora Gates,zora.gates@student.edu,student,pass_S59380,users/423376
Zora Turing,zora.turing@student.edu,student,pass_S41240,users/423550
